,titles,predicted,fraction_predicted,match_cosine,fraction_match_cosine,match_contain,fraction_match_contain,percent_correct
Age,541,94,0.17375231053604437,36,0.3829787234042553,34,0.3617021276595745,0.3829787234042553
Genotype,340,56,0.16470588235294117,21,0.375,23,0.4107142857142857,0.4107142857142857
Protocol,15,6,0.4,2,0.3333333333333333,3,0.5,0.5
Species,1000,828,0.828,764,0.9227053140096618,751,0.9070048309178744,0.9227053140096618
Strain,1000,397,0.397,42,0.10579345088161209,312,0.7858942065491183,0.7858942065491183
Tissue,792,187,0.2361111111111111,75,0.40106951871657753,64,0.3422459893048128,0.40106951871657753
