,GroupName,attribute,similarity,value count,merged count,factor of increase
5,Age,age,0.9999999999999999,70302,70302,1.0
161,Antibiotic usage,antibiotics,0.9999999999999999,19749,339790,17.205428122942934
6,BMI,bmi,1.0,68667,1488498,21.677050111407226
154,Body site,body_site,0.9999999999999999,126165,747975,5.928545951729878
494,Diet type,diet,1.0,33458,33458,1.0
495,Ethnicity,ethnicity,1.0,8663,8663,1.0
447,Pregnancy status,pregnant,0.9999999999999998,42583,1617452,37.983514548059084
0,Sex,sex,1.0,197705,215701,1.0910245062087454
