,Accuracy,Precision,Recall,F1 Score
0,0.841447651257858,0.8438674916632248,0.8414476518741921,0.8402382843271607
