,Accuracy,Precision,Recall,F1 Score
0,0.8514328722445861,0.8501714365335531,0.8514328722445861,0.8492104143067657
