,Accuracy,Precision,Recall,F1 Score
0,0.8527993433427956,0.8512320581468972,0.8527993433427956,0.8507875168662575
