,Accuracy,Precision,Recall,F1 Score
0,0.8521180591208315,0.8507908781160782,0.8521180591208315,0.8501662653185019
